{"cameraMode":{"drawMode":0,"name":"Shaded","section":"Shading Mode"},"sceneLighting":false,"audioPlay":false,"sceneViewState":{"m_AlwaysRefresh":false,"showFog":true,"showSkybox":false,"showFlares":true,"showImageEffects":true,"showParticleSystems":true,"showVisualEffectGraphs":true,"m_FxEnabled":true},"in2DMode":false,"pivot":{"x":-0.030776500701904298,"y":4.632918357849121,"z":0.00745081901550293},"rotation":{"x":0.6767714023590088,"y":-0.027143139392137529,"z":0.024982858449220659,"w":0.7352609634399414},"size":5.037118911743164,"orthographic":false}