{"cameraMode":{"drawMode":0,"name":"Shaded","section":"Shading Mode"},"sceneLighting":true,"audioPlay":false,"sceneViewState":{"m_AlwaysRefresh":true,"showFog":true,"showSkybox":true,"showFlares":true,"showImageEffects":true,"showParticleSystems":true,"showVisualEffectGraphs":true,"m_FxEnabled":false},"in2DMode":false,"pivot":{"x":2.7429065704345705,"y":26.419498443603517,"z":-1.8477625846862794},"rotation":{"x":0.17161761224269868,"y":0.6990737318992615,"z":-0.17887470126152039,"w":0.6707106828689575},"size":5.7250776290893559,"orthographic":false}