{"cameraMode":{"drawMode":0,"name":"Shaded","section":"Shading Mode"},"sceneLighting":false,"audioPlay":false,"sceneViewState":{"m_AlwaysRefresh":true,"showFog":true,"showSkybox":false,"showFlares":true,"showImageEffects":true,"showParticleSystems":true,"showVisualEffectGraphs":true,"m_FxEnabled":false},"in2DMode":false,"pivot":{"x":-0.005520429462194443,"y":0.12129615247249603,"z":0.0028851330280303957},"rotation":{"x":0.49583619832992556,"y":-0.022919977083802224,"z":0.01309221237897873,"w":0.8680086731910706},"size":2.085965156555176,"orthographic":false}